,price,price_per_metr,rooms,floor,location,title,Date_add,Date_update,Size (m2),url
0,1111619.0,14290.0, • 4 pokoje, • piętro 5/5,"Kraków, Prądnik Biały, Conrada 27",Opis nieruchomości,13.11.2023,15.07.2024,"77,79",https://www.morizon.pl/oferta/sprzedaz-mieszkanie-krakow-pradnik-bialy-conrada-27-77m2-mzn2042977754
1,,, • 2 pokoje, • piętro 6/9,"Kraków, Mistrzejowice, ul. Piasta Kołodzieja",Opis nieruchomości,01.12.2023,17.07.2024,"39,01",https://www.morizon.pl/oferta/sprzedaz-mieszkanie-krakow-mistrzejowice-piasta-kolodzieja-39m2-mzn2042044084
2,,, • 2 pokoje, • piętro 4,"Kraków, Prądnik Biały, Banacha, ul. Zauchy 6",Opis nieruchomości,10.04.2024,17.07.2024,"38,87",https://www.morizon.pl/oferta/sprzedaz-mieszkanie-krakow-pradnik-bialy-zauchy-6-38m2-mzn2043641203
3,,, • 3 pokoje, • piętro 8/8,"Kraków, Podgórze Duchackie, ul. Bochenka",Opis nieruchomości,09.08.2023,04.07.2024,"68,59",https://www.morizon.pl/oferta/sprzedaz-mieszkanie-krakow-podgorze-duchackie-bochenka-68m2-mzn2042518277
4,,, • 3 pokoje, • piętro 3,"Kraków, Podgórze Stare, ul. Rydlówka",Opis nieruchomości,03.07.2023,17.07.2024,"51,73",https://www.morizon.pl/oferta/sprzedaz-mieszkanie-krakow-podgorze-rydlowka-51m2-mzn2042319755
5,,, • 3 pokoje, • piętro 3/9,"Kraków, Mistrzejowice, ul. Piasta Kołodzieja",Opis nieruchomości,01.12.2023,17.07.2024,"45,14",https://www.morizon.pl/oferta/sprzedaz-mieszkanie-krakow-mistrzejowice-piasta-kolodzieja-45m2-mzn2042044072
6,1709800.0,24489.0, • 3 pokoje, • piętro 1/3,"Kraków, Bronowice, Brązownicza 14",U Przybyszewskiego • Bezpośrednio • Wykończone • Bez PCC,21.06.2024,15.07.2024,"69,82",https://www.morizon.pl/oferta/sprzedaz-mieszkanie-krakow-bronowice-brazownicza-69m2-mzn2044051080
7,,, • 3 pokoje, • piętro 3,"Kraków, Podgórze Stare, ul. Rydlówka",Opis nieruchomości,16.05.2023,17.07.2024,"51,55",https://www.morizon.pl/oferta/sprzedaz-mieszkanie-krakow-podgorze-rydlowka-51m2-mzn2042092382
8,,, • 3 pokoje, • piętro 7/8,"Kraków, Podgórze Duchackie, ul. Bochenka",Opis nieruchomości,09.08.2023,04.07.2024,"68,58",https://www.morizon.pl/oferta/sprzedaz-mieszkanie-krakow-podgorze-duchackie-bochenka-68m2-mzn2042518271
9,,, • 3 pokoje, • piętro 4,"Kraków, Stare Miasto (historyczne), Stare Miasto, ul. Prandoty 10C",Opis nieruchomości,24.05.2024,17.07.2024,"53,08",https://www.morizon.pl/oferta/sprzedaz-mieszkanie-krakow-stare-miasto-prandoty-10c-53m2-mzn2043903370
10,,, • 3 pokoje, • piętro 5/5,"Kraków, Podgórze, Myśliwska 68",Opis nieruchomości,05.03.2024,15.07.2024,"44,24",https://www.morizon.pl/oferta/sprzedaz-mieszkanie-krakow-podgorze-mysliwska-68-44m2-mzn2043447277
11,,, • 2 pokoje, • piętro 3,"Kraków, Prądnik Biały, Banacha, ul. Zauchy 6",Opis nieruchomości,10.04.2024,17.07.2024,"41,19",https://www.morizon.pl/oferta/sprzedaz-mieszkanie-krakow-pradnik-bialy-zauchy-6-41m2-mzn2043641287
12,,, • 4 pokoje, • piętro 1,"Kraków, Podgórze Stare, ul. Rydlówka",Opis nieruchomości,16.05.2023,17.07.2024,"56,08",https://www.morizon.pl/oferta/sprzedaz-mieszkanie-krakow-podgorze-rydlowka-56m2-mzn2042092202
13,,, • 3 pokoje, • piętro 2/9,"Kraków, Mistrzejowice, ul. Piasta Kołodzieja",Opis nieruchomości,01.12.2023,17.07.2024,"45,14",https://www.morizon.pl/oferta/sprzedaz-mieszkanie-krakow-mistrzejowice-piasta-kolodzieja-45m2-mzn2042044066
14,,, • 3 pokoje, • piętro 7/9,"Kraków, Mistrzejowice, ul. Piasta Kołodzieja",Opis nieruchomości,04.04.2024,17.07.2024,"61,75",https://www.morizon.pl/oferta/sprzedaz-mieszkanie-krakow-mistrzejowice-piasta-kolodzieja-61m2-mzn2043626400
15,639000.0,13453.0, • 1 pokój, • piętro 8/8,"Kraków, Krowodrza, Kraków, Rusznikarska 14","Piękne 47,5m2 na Rusznikarskiej - świeżo po remoncie",18.06.2024,18.06.2024,"47,50",https://www.morizon.pl/oferta/sprzedaz-mieszkanie-krakow-krowodrza-rusznikarska-47m2-mzn2043031347
16,,, • 2 pokoje, • piętro 4/7,"Kraków, Podgórze, Pana Tadeusza 10",Opis nieruchomości,28.05.2024,15.07.2024,"46,36",https://www.morizon.pl/oferta/sprzedaz-mieszkanie-krakow-podgorze-pana-tadeusza-10-46m2-mzn2043922345
17,,, • 2 pokoje, • piętro 6,"Kraków, Stare Miasto (historyczne), Stare Miasto, ul. Prandoty 10C",Opis nieruchomości,24.05.2024,17.07.2024,"36,51",https://www.morizon.pl/oferta/sprzedaz-mieszkanie-krakow-stare-miasto-prandoty-10c-36m2-mzn2043903388
18,,, • 2 pokoje, • piętro 4,"Kraków, Prądnik Biały, Banacha, ul. Zauchy 6",Opis nieruchomości,10.04.2024,17.07.2024,"38,80",https://www.morizon.pl/oferta/sprzedaz-mieszkanie-krakow-pradnik-bialy-zauchy-6-38m2-mzn2043641201
19,,, • 3 pokoje, • piętro 2,"Kraków, Podgórze Duchackie, ul. Białoruska 69",Opis nieruchomości,06.06.2024,17.07.2024,"48,40",https://www.morizon.pl/oferta/sprzedaz-mieszkanie-krakow-podgorze-duchackie-bialoruska-69-48m2-mzn2043961526
20,,, • 2 pokoje, • piętro 4/7,"małopolskie, Kraków, ul. Ciesielskiego",Opis nieruchomości,12.04.2024,04.07.2024,"37,12",https://www.morizon.pl/oferta/sprzedaz-mieszkanie-krakow-ciesielskiego-37m2-mzn2043682200
21,956260.0,13960.0, • 3 pokoje, • piętro 5/5,"Kraków, Prądnik Biały, Conrada 27",Opis nieruchomości,13.11.2023,15.07.2024,"68,50",https://www.morizon.pl/oferta/sprzedaz-mieszkanie-krakow-pradnik-bialy-conrada-27-68m2-mzn2042977732
22,,, • 4 pokoje, • piętro 3,"Kraków, Stare Miasto (historyczne), Stare Miasto, ul. Prandoty 10C",Opis nieruchomości,26.01.2023,17.07.2024,"94,54",https://www.morizon.pl/oferta/sprzedaz-mieszkanie-krakow-stare-miasto-prandoty-10c-94m2-mzn2041533782
23,,, • 2 pokoje, • piętro 7,"Kraków, Stare Miasto (historyczne), Stare Miasto, ul. Prandoty 10C",Opis nieruchomości,24.05.2024,17.07.2024,"36,51",https://www.morizon.pl/oferta/sprzedaz-mieszkanie-krakow-stare-miasto-prandoty-10c-36m2-mzn2043903396
24,1104701.0,22499.0, • 2 pokoje, • piętro 5/5,"Kraków, Kazimierz, Skawińska",NIEPOWTARZALNE urządzone mieszkanie na Kazimierzu,14.07.2021,19.05.2024,"49,10",https://www.morizon.pl/oferta/sprzedaz-mieszkanie-krakow-skawinska-49m2-mzn2038041078
25,429000.0,5723.0, • 4 pokoje, • piętro 5/5,"Kraków, Krowodrza, Śląska 2",Powierzchnia na poddaszu na ul. Śląskiej,29.02.2024,12.07.2024,"74,96",https://www.morizon.pl/oferta/sprzedaz-mieszkanie-krakow-krowodrza-slaska-74m2-mzn2043413673
26,1116056.0,12200.0, • 4 pokoje, • piętro 1/2,"Kraków, Prądnik Biały, Piaskowa",ul Piaskowa B1/2 Sprzedaje deweloper,10.05.2023,16.05.2024,"91,48",https://www.morizon.pl/oferta/sprzedaz-mieszkanie-krakow-pradnik-bialy-piaskowa-91m2-mzn2042061149
27,,, • 2 pokoje, • piętro 5/7,"Kraków, Podgórze, Pana Tadeusza 10",Opis nieruchomości,28.05.2024,15.07.2024,"46,75",https://www.morizon.pl/oferta/sprzedaz-mieszkanie-krakow-podgorze-pana-tadeusza-10-46m2-mzn2043922354
28,935200.0,23979.0, • 2 pokoje, • piętro 2/7,"Kraków, Podgórze, Zabłocie, Pana Tadeusza 10",Zabłocie • Bezpośrednio • Wykończone • Bez PCC,05.07.2024,16.07.2024,39,https://www.morizon.pl/oferta/sprzedaz-mieszkanie-krakow-podgorze-pana-tadeusza-39m2-mzn2044116950
29,690000.0,9857.0, • 3 pokoje, • parter/2,"Kraków, Kraków-Krowodrza, Wola Justowska, Królowej Jadwigi",✅ Dwa lub trzy pokoje ✅ Wola Justowska ✅,12.03.2024,12.07.2024,70,https://www.morizon.pl/oferta/sprzedaz-mieszkanie-krakow-zwierzyniec-krolowej-jadwigi-70m2-mzn2043485645
30,400000.0,18182.0, • 1 pokój, • parter/1,"Kraków, Ruczaj, Mochnaniec",ENG| Kawalerka przy ul. Mochnaniec | Ruczaj,20.06.2024,11.07.2024,22,https://www.morizon.pl/oferta/sprzedaz-mieszkanie-krakow-debniki-mochnaniec-22m2-mzn2043044606
31,928560.0,13730.0, • 3 pokoje, • piętro 4/5,"Kraków, Prądnik Biały, Conrada 27",Opis nieruchomości,13.11.2023,15.07.2024,"67,63",https://www.morizon.pl/oferta/sprzedaz-mieszkanie-krakow-pradnik-bialy-conrada-27-67m2-mzn2042977709
32,,, • 2 pokoje, • piętro 4/7,"Kraków, Podgórze, Pana Tadeusza 10",Opis nieruchomości,28.05.2024,15.07.2024,"45,74",https://www.morizon.pl/oferta/sprzedaz-mieszkanie-krakow-podgorze-pana-tadeusza-10-45m2-mzn2043922346
33,,, • 3 pokoje, • piętro 1,"Kraków, Podgórze Stare, ul. Rydlówka",Opis nieruchomości,03.07.2023,17.07.2024,"49,95",https://www.morizon.pl/oferta/sprzedaz-mieszkanie-krakow-podgorze-rydlowka-49m2-mzn2042319738
34,876000.0,18904.0, • 2 pokoje, • piętro 7/7,"Kraków, Prądnik Biały, Wybickiego 5B",Opis nieruchomości,17.06.2024,15.07.2024,"46,34",https://www.morizon.pl/oferta/sprzedaz-mieszkanie-krakow-pradnik-bialy-wybickiego-5b-46m2-mzn2043027805
35,705000.0,18441.0, • 2 pokoje, • parter/7,"Kraków, Prądnik Biały, Wybickiego 5B",Opis nieruchomości,29.04.2024,15.07.2024,"38,23",https://www.morizon.pl/oferta/sprzedaz-mieszkanie-krakow-pradnik-bialy-wybickiego-5b-38m2-mzn2043781168
36,,, • 3 pokoje, • piętro 6/9,"Kraków, Mistrzejowice, ul. Piasta Kołodzieja",Opis nieruchomości,21.05.2024,17.07.2024,"61,75",https://www.morizon.pl/oferta/sprzedaz-mieszkanie-krakow-mistrzejowice-piasta-kolodzieja-61m2-mzn2043884937
37,,, • 3 pokoje, • piętro 1/9,"Kraków, Mistrzejowice, ul. Piasta Kołodzieja",Opis nieruchomości,01.12.2023,17.07.2024,"54,12",https://www.morizon.pl/oferta/sprzedaz-mieszkanie-krakow-mistrzejowice-piasta-kolodzieja-54m2-mzn2042044065
38,,, • 2 pokoje, • piętro 8/8,"Kraków, Podgórze Duchackie, ul. Bochenka",Opis nieruchomości,09.08.2023,04.07.2024,"48,54",https://www.morizon.pl/oferta/sprzedaz-mieszkanie-krakow-podgorze-duchackie-bochenka-48m2-mzn2042518278
39,,, • 2 pokoje, • piętro 3,"Kraków, Prądnik Biały, Banacha, ul. Zauchy 6",Opis nieruchomości,10.04.2024,17.07.2024,"38,80",https://www.morizon.pl/oferta/sprzedaz-mieszkanie-krakow-pradnik-bialy-zauchy-6-38m2-mzn2043641298
40,886133.0,13410.0, • 3 pokoje, • piętro 5/5,"Kraków, Prądnik Biały, Conrada 27",Opis nieruchomości,13.11.2023,15.07.2024,"66,08",https://www.morizon.pl/oferta/sprzedaz-mieszkanie-krakow-pradnik-bialy-conrada-27-66m2-mzn2042977731
41,949000.0,15306.0, • 4 pokoje, • piętro 1/3,"Kraków, Kraków-Podgórze, Kliny, Anny Szwed-Śniadowskiej",Idealne dla rodzin ✨ 4 pokoje ✨ Gotowe do wejścia,22.03.2024,15.07.2024,62,https://www.morizon.pl/oferta/sprzedaz-mieszkanie-krakow-podgorze-anny-szwed-sniadowskiej-62m2-mzn2043530015
42,1096061.0,14090.0, • 4 pokoje, • piętro 4/5,"Kraków, Prądnik Biały, Conrada 27",Opis nieruchomości,13.11.2023,15.07.2024,"77,79",https://www.morizon.pl/oferta/sprzedaz-mieszkanie-krakow-pradnik-bialy-conrada-27-77m2-mzn2042977729
43,,, • 1 pokój, • piętro 1,"Kraków, Podgórze Stare, ul. Rydlówka",Opis nieruchomości,16.05.2023,17.07.2024,"38,17",https://www.morizon.pl/oferta/sprzedaz-mieszkanie-krakow-podgorze-rydlowka-38m2-mzn2042092354
44,,, • 3 pokoje, • piętro 6/9,"Kraków, Mistrzejowice, ul. Piasta Kołodzieja",Opis nieruchomości,21.05.2024,17.07.2024,"55,61",https://www.morizon.pl/oferta/sprzedaz-mieszkanie-krakow-mistrzejowice-piasta-kolodzieja-55m2-mzn2043884936
45,,, • 2 pokoje, • piętro 6/7,"Kraków, Podgórze, Pana Tadeusza 10",Opis nieruchomości,28.05.2024,15.07.2024,"46,53",https://www.morizon.pl/oferta/sprzedaz-mieszkanie-krakow-podgorze-pana-tadeusza-10-46m2-mzn2043922361
46,,, • 3 pokoje, • piętro 4/9,"Kraków, Mistrzejowice, ul. Piasta Kołodzieja",Opis nieruchomości,01.12.2023,17.07.2024,"54,26",https://www.morizon.pl/oferta/sprzedaz-mieszkanie-krakow-mistrzejowice-piasta-kolodzieja-54m2-mzn2042044077
47,638980.0,15035.0, • 2 pokoje, • piętro 1/4,"Kraków, Bieżanów, Kraków, Potrzask 97d",GOTOWE do zamieszkania | 2 Pokoje + Garderoba w wysokim standardzie,29.05.2024,08.07.2024,"42,50",https://www.morizon.pl/oferta/sprzedaz-mieszkanie-krakow-biezanow-prokocim-potrzask-42m2-mzn2043925970
48,539000.0,12112.0, • 2 pokoje, • piętro 2/4,"Kraków, Nowa Huta, Os. Stalowe, Os. Stalowe 2",2 Pokoje Os Stalowe 45m2,09.05.2024,11.07.2024,"44,50",https://www.morizon.pl/oferta/sprzedaz-mieszkanie-krakow-nowa-huta-os-stalowe-44m2-mzn2043825834
49,950000.0,23585.0, • 2 pokoje, • piętro 2/3,"Kraków, Stare Miasto, Kraków, Rakowicka 20A","2 pok.40m2+10m2 loggia, Novum I, ul Rakowicka",11.07.2024,11.07.2024,"40,28",https://www.morizon.pl/oferta/sprzedaz-mieszkanie-krakow-stare-miasto-rakowicka-40m2-mzn2044158411
50,,, • 4 pokoje, • piętro 7/7,"Kraków, Podgórze, Pana Tadeusza 10",Opis nieruchomości,28.05.2024,15.07.2024,"67,72",https://www.morizon.pl/oferta/sprzedaz-mieszkanie-krakow-podgorze-pana-tadeusza-10-67m2-mzn2043922363
51,,, • 5 pokoi, • piętro 5,"Kraków, Prądnik Biały, Banacha, ul. Zauchy 6",Opis nieruchomości,14.02.2024,17.07.2024,"89,74",https://www.morizon.pl/oferta/sprzedaz-mieszkanie-krakow-pradnik-bialy-zauchy-6-89m2-mzn2043330626
52,570000.0,17975.0, • 1 pokój, • parter/5,"Kraków, Dębniki, Kraków, Dr. Jana Piltza 46",Wysoki standard / Ogródek / Brak prowizji / Ruczaj / Piltza / os. Europejskie,04.07.2024,12.07.2024,"31,71",https://www.morizon.pl/oferta/sprzedaz-mieszkanie-krakow-debniki-dr-jana-piltza-31m2-mzn2044100264
53,1550000.0,19136.0, • 3 pokoje, • parter/3,"Kraków, Piasek, Kraków, Tadeusza Pawlikowskiego 3","Mieszkanie w centrum Krakowa - 3 pokoje, 81 m²",14.07.2024,14.07.2024,81,https://www.morizon.pl/oferta/sprzedaz-mieszkanie-krakow-stare-miasto-tadeusza-pawlikowskiego-81m2-mzn2042549307
54,1147100.0,25749.0, • 2 pokoje, • parter/3,"Kraków, Zwierzyniec, Wola Justowska, Piotra Borowego 37",Emaus Garden • Inwestycyjne • Bez PCC • Ogródek,27.05.2024,16.07.2024,"44,55",https://www.morizon.pl/oferta/sprzedaz-mieszkanie-krakow-zwierzyniec-piotra-borowego-44m2-mzn2043918151
55,,, • 2 pokoje, • piętro 4,"Kraków, Stare Miasto (historyczne), Stare Miasto, ul. Prandoty 10C",Opis nieruchomości,24.05.2024,17.07.2024,"57,91",https://www.morizon.pl/oferta/sprzedaz-mieszkanie-krakow-stare-miasto-prandoty-10c-57m2-mzn2043903373
56,,, • 2 pokoje, • piętro 2/9,"Kraków, Mistrzejowice, ul. Piasta Kołodzieja",Opis nieruchomości,01.12.2023,17.07.2024,"37,88",https://www.morizon.pl/oferta/sprzedaz-mieszkanie-krakow-mistrzejowice-piasta-kolodzieja-37m2-mzn2042044068
57,,, • 2 pokoje, • piętro 8/9,"Kraków, Mistrzejowice, ul. Piasta Kołodzieja",Opis nieruchomości,12.12.2023,17.07.2024,"35,71",https://www.morizon.pl/oferta/sprzedaz-mieszkanie-krakow-mistrzejowice-piasta-kolodzieja-35m2-mzn2043093984
58,,, • 2 pokoje, • piętro 3,"Kraków, Prądnik Biały, Banacha, ul. Zauchy 6",Opis nieruchomości,24.06.2023,17.07.2024,"55,57",https://www.morizon.pl/oferta/sprzedaz-mieszkanie-krakow-pradnik-bialy-zauchy-6-55m2-mzn2042269064
59,,, • 4 pokoje, • piętro 6/7,"małopolskie, Kraków, ul. Ciesielskiego",Opis nieruchomości,12.04.2024,04.07.2024,"72,26",https://www.morizon.pl/oferta/sprzedaz-mieszkanie-krakow-ciesielskiego-72m2-mzn2043682204
60,,, • 2 pokoje, • piętro 7/7,"małopolskie, Kraków, ul. Ciesielskiego",Opis nieruchomości,13.03.2024,04.07.2024,"49,52",https://www.morizon.pl/oferta/sprzedaz-mieszkanie-krakow-ciesielskiego-49m2-mzn2043488288
61,,, • 1 pokój, • piętro 2,"Kraków, Podgórze Stare, ul. Rydlówka",Opis nieruchomości,16.05.2023,17.07.2024,"38,17",https://www.morizon.pl/oferta/sprzedaz-mieszkanie-krakow-podgorze-rydlowka-38m2-mzn2042092365
62,,, • 2 pokoje, • piętro 2/7,"Kraków, Podgórze, Pana Tadeusza 10",Opis nieruchomości,28.05.2024,15.07.2024,"46,52",https://www.morizon.pl/oferta/sprzedaz-mieszkanie-krakow-podgorze-pana-tadeusza-10-46m2-mzn2043922332
63,,, • 3 pokoje, • piętro 1,"Kraków, Prądnik Biały, Banacha, ul. Zauchy 6",Opis nieruchomości,10.04.2024,17.07.2024,"53,86",https://www.morizon.pl/oferta/sprzedaz-mieszkanie-krakow-pradnik-bialy-zauchy-6-53m2-mzn2043641309
64,,, • 2 pokoje, • piętro 3,"Kraków, Prądnik Biały, Banacha, ul. Zauchy 6",Opis nieruchomości,14.02.2024,17.07.2024,"41,57",https://www.morizon.pl/oferta/sprzedaz-mieszkanie-krakow-pradnik-bialy-zauchy-6-41m2-mzn2043330585
65,,, • 2 pokoje, • piętro 3,"Kraków, Prądnik Biały, Banacha, ul. Zauchy 6",Opis nieruchomości,14.02.2024,17.07.2024,"40,35",https://www.morizon.pl/oferta/sprzedaz-mieszkanie-krakow-pradnik-bialy-zauchy-6-40m2-mzn2043330586
66,,, • 2 pokoje, • piętro 1,"Kraków, Podgórze Duchackie, ul. Białoruska 69",Opis nieruchomości,06.06.2024,17.07.2024,"43,27",https://www.morizon.pl/oferta/sprzedaz-mieszkanie-krakow-podgorze-duchackie-bialoruska-69-43m2-mzn2043961520
67,,, • 3 pokoje, • piętro 3,"Kraków, Podgórze Stare, ul. Rydlówka",Opis nieruchomości,03.07.2023,17.07.2024,"49,95",https://www.morizon.pl/oferta/sprzedaz-mieszkanie-krakow-podgorze-rydlowka-49m2-mzn2042319756
68,1015000.0,18216.0, • 3 pokoje, • piętro 7/7,"Kraków, Prądnik Biały, Wybickiego 5B",Opis nieruchomości,17.06.2024,15.07.2024,"55,72",https://www.morizon.pl/oferta/sprzedaz-mieszkanie-krakow-pradnik-bialy-wybickiego-5b-55m2-mzn2043027808
69,,, • 2 pokoje, • piętro 3/7,"Kraków, Podgórze, Pana Tadeusza 10",Opis nieruchomości,28.05.2024,15.07.2024,"46,24",https://www.morizon.pl/oferta/sprzedaz-mieszkanie-krakow-podgorze-pana-tadeusza-10-46m2-mzn2043922338
70,,, • 3 pokoje, • piętro 3/9,"Kraków, Mistrzejowice, ul. Piasta Kołodzieja",Opis nieruchomości,01.12.2023,17.07.2024,"54,26",https://www.morizon.pl/oferta/sprzedaz-mieszkanie-krakow-mistrzejowice-piasta-kolodzieja-54m2-mzn2042044073
71,,, • 3 pokoje, • piętro 7/9,"Kraków, Mistrzejowice, ul. Piasta Kołodzieja",Opis nieruchomości,01.12.2023,17.07.2024,"45,14",https://www.morizon.pl/oferta/sprzedaz-mieszkanie-krakow-mistrzejowice-piasta-kolodzieja-45m2-mzn2042044086
72,,, • 2 pokoje, • piętro 7/9,"Kraków, Mistrzejowice, ul. Piasta Kołodzieja",Opis nieruchomości,01.12.2023,17.07.2024,"43,40",https://www.morizon.pl/oferta/sprzedaz-mieszkanie-krakow-mistrzejowice-piasta-kolodzieja-43m2-mzn2042044085
73,,, • 2 pokoje, • piętro 3/9,"Kraków, Mistrzejowice, ul. Piasta Kołodzieja",Opis nieruchomości,25.03.2024,17.07.2024,"36,98",https://www.morizon.pl/oferta/sprzedaz-mieszkanie-krakow-mistrzejowice-piasta-kolodzieja-36m2-mzn2043587147
74,,, • 3 pokoje, • piętro 2,"Kraków, Podgórze Stare, ul. Rydlówka",Opis nieruchomości,03.07.2023,17.07.2024,"51,73",https://www.morizon.pl/oferta/sprzedaz-mieszkanie-krakow-podgorze-rydlowka-51m2-mzn2042319746
75,1070244.0,13950.0, • 4 pokoje, • piętro 4/5,"Kraków, Prądnik Biały, Conrada 27",Opis nieruchomości,13.11.2023,15.07.2024,"76,72",https://www.morizon.pl/oferta/sprzedaz-mieszkanie-krakow-pradnik-bialy-conrada-27-76m2-mzn2042977717
76,899000.0,13021.0, • 3 pokoje, • parter/3,"Kraków, Krowodrza, Reja 15","3 pokoje + osobna kuchnia, blisko centrum, okazja cenowa",03.07.2024,04.07.2024,"69,04",https://www.morizon.pl/oferta/sprzedaz-mieszkanie-krakow-krowodrza-reja-69m2-mzn2044104600
77,,, • 4 pokoje, • piętro 1,"Kraków, Stare Miasto (historyczne), Stare Miasto, ul. Prandoty 10C",Opis nieruchomości,26.01.2023,17.07.2024,"94,54",https://www.morizon.pl/oferta/sprzedaz-mieszkanie-krakow-stare-miasto-prandoty-10c-94m2-mzn2041533774
78,,, • 2 pokoje, • piętro 5/9,"Kraków, Mistrzejowice, ul. Piasta Kołodzieja",Opis nieruchomości,01.12.2023,17.07.2024,"43,40",https://www.morizon.pl/oferta/sprzedaz-mieszkanie-krakow-mistrzejowice-piasta-kolodzieja-43m2-mzn2042044078
79,1150000.0,15428.0, • 4 pokoje, • piętro 4/6,"Kraków, Kraków-Nowa Huta, Czyżyny, Sikorki",Nowoczesne mieszkanie z garażem / 4 - pokoje,19.05.2024,15.07.2024,"74,54",https://www.morizon.pl/oferta/sprzedaz-mieszkanie-krakow-czyzyny-sikorki-74m2-mzn2043878211
80,,, • 2 pokoje, • piętro 5,"Kraków, Prądnik Biały, Banacha, ul. Zauchy 6",Opis nieruchomości,14.02.2024,17.07.2024,"34,66",https://www.morizon.pl/oferta/sprzedaz-mieszkanie-krakow-pradnik-bialy-zauchy-6-34m2-mzn2043330610
81,,, • 2 pokoje, • piętro 4,"Kraków, Prądnik Biały, Banacha, ul. Zauchy 6",Opis nieruchomości,10.04.2024,17.07.2024,"36,99",https://www.morizon.pl/oferta/sprzedaz-mieszkanie-krakow-pradnik-bialy-zauchy-6-36m2-mzn2043641343
82,,, • 3 pokoje, • piętro 3,"Kraków, Podgórze Stare, ul. Rydlówka",Opis nieruchomości,16.05.2023,17.07.2024,"51,67",https://www.morizon.pl/oferta/sprzedaz-mieszkanie-krakow-podgorze-rydlowka-51m2-mzn2042092386
83,714000.0,17410.0, • 2 pokoje, • piętro 1/7,"Kraków, Prądnik Biały, Wybickiego 5B",Opis nieruchomości,29.04.2024,15.07.2024,"41,01",https://www.morizon.pl/oferta/sprzedaz-mieszkanie-krakow-pradnik-bialy-wybickiego-5b-41m2-mzn2043781169
84,,, • 4 pokoje, • piętro 1,"Kraków, Stare Miasto (historyczne), Stare Miasto, ul. Prandoty 10C",Opis nieruchomości,26.01.2023,17.07.2024,"68,86",https://www.morizon.pl/oferta/sprzedaz-mieszkanie-krakow-stare-miasto-prandoty-10c-68m2-mzn2041533834
85,1081000.0,17713.0, • 3 pokoje, • piętro 5/7,"Kraków, Prądnik Biały, Wybickiego 5B",Opis nieruchomości,29.04.2024,15.07.2024,"61,03",https://www.morizon.pl/oferta/sprzedaz-mieszkanie-krakow-pradnik-bialy-wybickiego-5b-61m2-mzn2043781101
86,,, • 2 pokoje, • piętro 7/7,"małopolskie, Kraków, ul. Ciesielskiego",Opis nieruchomości,13.03.2024,04.07.2024,"36,87",https://www.morizon.pl/oferta/sprzedaz-mieszkanie-krakow-ciesielskiego-36m2-mzn2043488287
87,1564000.0,23000.0, • 3 pokoje, • piętro 13/14,"Kraków, Bronowice, Kraków, Stańczyka","Nowoczesne, widokowe 13p, ul Stańczyka",10.07.2024,12.07.2024,68,https://www.morizon.pl/oferta/sprzedaz-mieszkanie-krakow-bronowice-stanczyka-68m2-mzn2044147994
88,,, • 2 pokoje, • parter,"Kraków, Podgórze Stare, ul. Rydlówka",Opis nieruchomości,16.05.2023,17.07.2024,"39,84",https://www.morizon.pl/oferta/sprzedaz-mieszkanie-krakow-podgorze-rydlowka-39m2-mzn2042092351
89,,, • 2 pokoje, • piętro 1/9,"Kraków, Mistrzejowice, ul. Piasta Kołodzieja",Opis nieruchomości,01.12.2023,17.07.2024,"37,41",https://www.morizon.pl/oferta/sprzedaz-mieszkanie-krakow-mistrzejowice-piasta-kolodzieja-37m2-mzn2042044064
90,720000.0,19293.0, • 2 pokoje, • piętro 1/3,"Kraków, Prądnik Biały, Henryka Pachońskiego",Na sprzedaż kawalerka wysoki standard Prądnik Biał,10.06.2024,18.06.2024,"37,32",https://www.morizon.pl/oferta/sprzedaz-mieszkanie-krakow-pradnik-bialy-henryka-pachonskiego-37m2-mzn2043992239
91,1159700.0,25950.0, • 2 pokoje, • piętro 2/3,"Kraków, Piotra Borowego 35",Wykończone pod klucz • Bezpośrednio • Inwestycyjne • Bez PCC • Balkon,29.04.2024,16.07.2024,"44,69",https://www.morizon.pl/oferta/sprzedaz-mieszkanie-krakow-piotra-borowego-44m2-mzn2043781011
92,,, • 3 pokoje, • piętro 4,"Kraków, Stare Miasto (historyczne), Stare Miasto, ul. Prandoty 10C",Opis nieruchomości,24.05.2024,17.07.2024,"51,06",https://www.morizon.pl/oferta/sprzedaz-mieszkanie-krakow-stare-miasto-prandoty-10c-51m2-mzn2043903371
93,,, • 4 pokoje, • piętro 2/7,"Kraków, Podgórze, Pana Tadeusza 10",Opis nieruchomości,28.05.2024,15.07.2024,"67,65",https://www.morizon.pl/oferta/sprzedaz-mieszkanie-krakow-podgorze-pana-tadeusza-10-67m2-mzn2043922327
94,,, • 2 pokoje, • piętro 7/7,"Kraków, Podgórze, Pana Tadeusza 10",Opis nieruchomości,28.05.2024,15.07.2024,"46,31",https://www.morizon.pl/oferta/sprzedaz-mieszkanie-krakow-podgorze-pana-tadeusza-10-46m2-mzn2043922366
95,,, • 2 pokoje, • piętro 5/7,"Kraków, Podgórze, Pana Tadeusza 10",Opis nieruchomości,28.05.2024,15.07.2024,"44,99",https://www.morizon.pl/oferta/sprzedaz-mieszkanie-krakow-podgorze-pana-tadeusza-10-44m2-mzn2043922351
96,,, • 3 pokoje, • piętro 4/5,"Kraków, Podgórze, Myśliwska 68",Opis nieruchomości,05.03.2024,15.07.2024,"64,66",https://www.morizon.pl/oferta/sprzedaz-mieszkanie-krakow-podgorze-mysliwska-68-64m2-mzn2043447287
97,,, • 2 pokoje, • piętro 2/9,"Kraków, Mistrzejowice, ul. Piasta Kołodzieja",Opis nieruchomości,01.12.2023,17.07.2024,"39,01",https://www.morizon.pl/oferta/sprzedaz-mieszkanie-krakow-mistrzejowice-piasta-kolodzieja-39m2-mzn2042044069
98,,, • 3 pokoje, • piętro 5,"Kraków, Prądnik Biały, Banacha, ul. Zauchy 6",Opis nieruchomości,14.02.2024,17.07.2024,"65,12",https://www.morizon.pl/oferta/sprzedaz-mieszkanie-krakow-pradnik-bialy-zauchy-6-65m2-mzn2043330608
99,,, • 2 pokoje, • piętro 3,"Kraków, Prądnik Biały, Banacha, ul. Zauchy 6",Opis nieruchomości,10.04.2024,17.07.2024,"38,87",https://www.morizon.pl/oferta/sprzedaz-mieszkanie-krakow-pradnik-bialy-zauchy-6-38m2-mzn2043641200
100,,, • 2 pokoje, • piętro 4,"Kraków, Prądnik Biały, Banacha, ul. Zauchy 6",Opis nieruchomości,10.04.2024,17.07.2024,"41,19",https://www.morizon.pl/oferta/sprzedaz-mieszkanie-krakow-pradnik-bialy-zauchy-6-41m2-mzn2043641291
101,,, • 4 pokoje, • piętro 5/7,"małopolskie, Kraków, ul. Ciesielskiego",Opis nieruchomości,12.04.2024,04.07.2024,"72,26",https://www.morizon.pl/oferta/sprzedaz-mieszkanie-krakow-ciesielskiego-72m2-mzn2043682201
102,,, • 2 pokoje, • parter,"Kraków, Stare Miasto (historyczne), Stare Miasto, ul. Prandoty 10C",Opis nieruchomości,26.01.2023,17.07.2024,"36,49",https://www.morizon.pl/oferta/sprzedaz-mieszkanie-krakow-stare-miasto-prandoty-10c-36m2-mzn2041533825
103,,, • 3 pokoje, • piętro 2,"Kraków, Podgórze Stare, ul. Rydlówka",Opis nieruchomości,03.07.2023,17.07.2024,"49,95",https://www.morizon.pl/oferta/sprzedaz-mieszkanie-krakow-podgorze-rydlowka-49m2-mzn2042319747
104,1045000.0,18244.0, • 3 pokoje, • piętro 7/7,"Kraków, Prądnik Biały, Wybickiego 5B",Opis nieruchomości,17.06.2024,15.07.2024,"57,28",https://www.morizon.pl/oferta/sprzedaz-mieszkanie-krakow-pradnik-bialy-wybickiego-5b-57m2-mzn2043027807
105,928560.0,13730.0, • 3 pokoje, • piętro 4/5,"Kraków, Prądnik Biały, Conrada 27",Opis nieruchomości,13.11.2023,15.07.2024,"67,63",https://www.morizon.pl/oferta/sprzedaz-mieszkanie-krakow-pradnik-bialy-conrada-27-67m2-mzn2042977713
106,,, • 4 pokoje, • piętro 4/5,"Kraków, Podgórze, Myśliwska 68",Opis nieruchomości,05.03.2024,15.07.2024,"62,95",https://www.morizon.pl/oferta/sprzedaz-mieszkanie-krakow-podgorze-mysliwska-68-62m2-mzn2043447274
107,,, • 3 pokoje, • piętro 6/9,"Kraków, Mistrzejowice, ul. Piasta Kołodzieja",Opis nieruchomości,01.12.2023,17.07.2024,"45,14",https://www.morizon.pl/oferta/sprzedaz-mieszkanie-krakow-mistrzejowice-piasta-kolodzieja-45m2-mzn2042044083
108,,, • 2 pokoje, • piętro 4/5,"Kraków, Podgórze, Myśliwska 68",Opis nieruchomości,05.03.2024,15.07.2024,"81,47",https://www.morizon.pl/oferta/sprzedaz-mieszkanie-krakow-podgorze-mysliwska-68-81m2-mzn2043447284
